house,suburb,region
Turama House Rest Home,Royal Oak,Auckland Isthmus
Aranui Home and Hospital,Mount Albert,Auckland Isthmus
Aria Park Retirement Village,Epsom,Auckland Isthmus
Rawhiti Estate,Remuera,Auckland Isthmus
Hillsborough Hospital,Hillsborough,Auckland Isthmus
Remuera Care Home,St Johns,Auckland Isthmus
Onewa Hospital and Rest Home,Birkenhead,Auckland Isthmus
Royal Oak Rest Home,Royal Oak,Auckland Isthmus
Remuera Rest Home and Hospital,Remuera,Auckland Isthmus
Waimarie Private Hospital,Remuera,Auckland Isthmus
Cromwell House and Hospital,Epsom,Auckland Isthmus
The Greenwood Home,Epsom,Auckland Isthmus
Dominion Home,Mount Roskill,Auckland Isthmus
Lexham Gardens Rest Home,Sandringham,Auckland Isthmus
Eversleigh Hospital,Belmont,Auckland Isthmus
Gracedale Hospital,Mount Roskill,Auckland Isthmus
Rose Lodge Rest Home,Epsom,Auckland Isthmus
Catherine Lodge Retirement Home,Royal Oak,Auckland Isthmus
Ellerslie Gardens Lifecare,Ellerslie,Auckland Isthmus
Chadderton Rest Home,Epsom,Auckland Isthmus
Elizabeth Knox Home and Hospital,Epsom,Auckland Isthmus
Epsom South Rest Home,Epsom,Auckland Isthmus
St Joseph's Home & Hospital,Glendowie,Auckland Isthmus
Awanui Rest Home,Mount Albert,Auckland Isthmus
Mercy Parklands,Ellerslie,Auckland Isthmus
Greenwich Gardens Care Home,Rosedale,Auckland Isthmus
Everil Orr,Mount Albert,Auckland Isthmus
Radius Waipuna,Mount Wellington,Auckland Isthmus
Ranfurly Village,Three kings,Auckland Isthmus
Kensington House,Remuera,Auckland Isthmus
Remuera Rise,Remuera,Auckland Isthmus
Sarah Selwyn,Point Chevalier,Auckland Isthmus
Kerridge House,Point Chevalier,Auckland Isthmus
Selwyn Heights Retirement Village,Hillsborough,Auckland Isthmus
Shalom Court Rest Home,St Johns,Auckland Isthmus
St Andrew's Village,Glendowie,Auckland Isthmus
St Catherine's Rest Home,St Marys Bay,Auckland Isthmus
St Patricks Home and Hospital,Epsom,Auckland Isthmus
Summerset at Heritage Park,Mount Wellington,Auckland Isthmus
Summerset at Monterey Park,Hobosonville,Auckland Isthmus
Jervois Residential Care,Herne Bay,Auckland Isthmus
Lynton Lodge Hospital,Westmere,Auckland Isthmus
West Harbour Gardens,West Harbour,Auckland Isthmus
Sylvia Park Rest Home & Hospital,Mount Wellington,Auckland Isthmus
Victoria Epsom Rest Home,Epsom,Auckland Isthmus
Torbay Rest Home,Torbay,North Shore
Aria Bay Retirement Village,Browns Bay,North Shore
Aria Gardens Home and Hospital,Albany,North Shore
Ascot House Retirement Home,Narrow Neck,North Shore
Regency Home and Hospital,Northcote,North Shore
Briargate Dementia Care Unit,Glenfield,North Shore
Bucklands Beach Rest Home,Bucklands Beach,North Shore
Hugh Green Care Home,Albany,North Shore
Wattle Downs Care Home,Wattle Downs,North Shore
Alexander Lodge Rest Home,Otahuhu,North Shore
Fairview Care,Albany,North Shore
Forrest Hill Home and Hospital,North Shore,North Shore
Freeling Holt House,Torbay,North Shore
Glenhaven Resthome,Glenfield,North Shore
Grace Joel Retirement Village,St Heliers,North Shore
Shoal Bay Dementia,Northcote,North Shore
Palm Grove Rest Home,Devonport,North Shore
Anne Maree Court,Northcote,North Shore
Highlands Hospital,Albany,North Shore
Northbridge Lifecare Trust Rest Home & Hospital,Northcote,North Shore
Greenvalley,Glenfield,North Shore
Lady Allum Rest Home and Village,Milford,North Shore
Meadowbank Village - Care Centre,Meadowbank,North Shore
The Sands,Browns Bay,North Shore
Orongo Rest Home,Campbells Bay,North Shore
Patrick Ferry House,North Shore,North Shore
Komatua Care Centre,Devonport,North Shore
Ultimate Care Rosedale,Albany,North Shore
The Willows Home and Hospital,Otahuhu,North Shore
Ambridge Rose Manor,Pakuranga,South Auckland
Ambridge Rose Villa,Pakuranga,South Auckland
Palms Home & Hospital,Papatoetoe,South Auckland
Bethesda Care,Manukau,South Auckland
Bruce McLaren Retirement Village Limited,Howick,South Auckland
Kenderdine Park,Papatoetoe,South Auckland
David Lange Care Home,Mangere East,South Auckland
Erin Park Rest Home & Hospital,Manurewa,South Auckland
Hayman Rest Home & Hospital,Wiri,South Auckland
ParkHaven Hospital,Mangere East,South Auckland
Hillcrest Hospital,Mangere East,South Auckland
Lansdowne Hospital and Rest Home,Manukau,South Auckland
St Christophers Rest Home & Hospital,Papatoetoe,South Auckland
St Johns Hospital,Papatoetoe,South Auckland
St Margaret's Hospital and Rest Home,Te Atatu,South Auckland
Janelle Rest Home,Papakura North,South Auckland
Eastcliffe on Orakei,Orakei,South Auckland
Gulf Views Rest Home,Cockle Bay,South Auckland
Howick Baptist Home and Hospital,Howick,South Auckland
Keringle Park Residential Care,Papakura North,South Auckland
Kumeu Village,Kumeu,South Auckland
Kolmar Lodge Rest Home,Papatoetoe,South Auckland
Elmwood Rest Home and Village,Manurewa,South Auckland
Takanini Lodge,Takanini,South Auckland
Papatoetoe Residential Care,Papatoetoe,South Auckland
Possum Bourne Retirement Village,Pukekohe,South Auckland
Radius Taupaki Gables,Taupaki,South Auckland
Lady Elizabeth Home and Hospital,Takanini,South Auckland
Selwyn Oaks,Papakura North,South Auckland
Summerset at Karaka,Karaka,South Auckland
Summerset by the Park,Flat Bush,South Auckland
Ultimate Care Manurewa, Manurewa,South Auckland
Christina's Rest Home,Mangere East,South Auckland
Tui House,Papakura North,South Auckland
Glencoe Resthome,Papatoetoe,South Auckland
Papakura Private Hospital,Papakura,South Auckland
Fencible Manor Rest Home,Cockle Bay,South Auckland
Blockhouse Bay Home,Blockhouse Bay,West Auckland
Cornwall Park Hospital,Greenlane,West Auckland
Glenburn Rest Home & Hospital,New Lynn,West Auckland
Sunset Rest Home & Hospital,Blockhouse Bay,West Auckland
Tasman Care Home,Henderson,West Auckland
Carnarvon Private Hospital,Henderson,West Auckland
Peacehaven Resthome & Hospital,Blockhouse Bay,West Auckland
Capella House,Blockhouse Bay,West Auckland
Claire House Aged Care Facility,Mount Eden,West Auckland
Concord House Rest Home,Greenlane,West Auckland
Ons Dorp Care Centre,Henderson,West Auckland
Edenvale Rest Home,Mount Eden,West Auckland
Edmonton Meadows Rest Home,Henderson,West Auckland
Karetu House,Greenlane,West Auckland
Avondale Lifecare,Avondale,West Auckland
Lexall Care,Henderson,West Auckland
Logan Campbell Retirement Village,Greenlane,West Auckland
Anne Maree Gardens,Avondale,West Auckland
The Waratah Retirement Home,Henderson,West Auckland
Avon Rest Home,Avondale,West Auckland
Metlifecare Crestwood,New Lynn,West Auckland
Metlifecare Powley,Blockhouse Bay,West Auckland
Murray Halberg Retirement Village,Lynfield,West Auckland
New Windsor Aged Care,Blockhouse Bay,West Auckland
Eden Rest Home and Village,Mount Eden,West Auckland
Wesley Rest Home,Mount Eden,West Auckland
Radius Arran Court Rest Home & Hospital,Henderson,West Auckland
Terence Kennedy House,Glen Eden,West Auckland
Rosaria Rest Home,Avondale,West Auckland
Roseridge Rest Home Henderson,Henderson,West Auckland
Eden Rest Home,Mount Eden,West Auckland
